/*
Navicat MySQL Data Transfer

Source Server         : localhost_3306
Source Server Version : 50621
Source Host           : localhost:3306
Source Database       : giao_dich

Target Server Type    : MYSQL
Target Server Version : 50621
File Encoding         : 65001

Date: 2018-07-12 23:40:05
*/

SET FOREIGN_KEY_CHECKS=0;

-- ----------------------------
-- Table structure for city_cap_1
-- ----------------------------
DROP TABLE IF EXISTS `city_cap_1`;
CREATE TABLE `city_cap_1` (
  `id` int(11) NOT NULL AUTO_INCREMENT,
  `name` varchar(255) DEFAULT NULL,
  PRIMARY KEY (`id`)
) ENGINE=InnoDB AUTO_INCREMENT=3 DEFAULT CHARSET=utf8;

-- ----------------------------
-- Records of city_cap_1
-- ----------------------------
INSERT INTO `city_cap_1` VALUES ('1', 'Đà Nẵng');
INSERT INTO `city_cap_1` VALUES ('2', 'Quảng Nam');

-- ----------------------------
-- Table structure for city_cap_2
-- ----------------------------
DROP TABLE IF EXISTS `city_cap_2`;
CREATE TABLE `city_cap_2` (
  `id` int(11) NOT NULL AUTO_INCREMENT,
  `name` varchar(255) DEFAULT NULL,
  `city_cap_1_id` int(11) DEFAULT NULL,
  PRIMARY KEY (`id`)
) ENGINE=InnoDB AUTO_INCREMENT=3 DEFAULT CHARSET=utf8;

-- ----------------------------
-- Records of city_cap_2
-- ----------------------------
INSERT INTO `city_cap_2` VALUES ('1', 'Ngũ Hành Sơn', '1');
INSERT INTO `city_cap_2` VALUES ('2', 'Thanh Khê', '1');

-- ----------------------------
-- Table structure for city_cap_3
-- ----------------------------
DROP TABLE IF EXISTS `city_cap_3`;
CREATE TABLE `city_cap_3` (
  `id` int(11) NOT NULL AUTO_INCREMENT,
  `name` varchar(255) DEFAULT NULL,
  `city_cap_2_id` int(11) DEFAULT NULL,
  PRIMARY KEY (`id`)
) ENGINE=InnoDB DEFAULT CHARSET=utf8;

-- ----------------------------
-- Records of city_cap_3
-- ----------------------------

-- ----------------------------
-- Table structure for du_an_cap_1
-- ----------------------------
DROP TABLE IF EXISTS `du_an_cap_1`;
CREATE TABLE `du_an_cap_1` (
  `id` int(11) NOT NULL AUTO_INCREMENT,
  `name` varchar(255) DEFAULT NULL,
  `photo` varchar(255) DEFAULT NULL,
  `name_show` varchar(255) DEFAULT NULL COMMENT 'field này dùng để hiển thị text tại front end.',
  `is_show_at_home_page` tinyint(1) DEFAULT '0' COMMENT 'field này để quyết định mục này có hiển thị tại trang chủ hay không',
  PRIMARY KEY (`id`)
) ENGINE=InnoDB AUTO_INCREMENT=10 DEFAULT CHARSET=utf8;

-- ----------------------------
-- Records of du_an_cap_1
-- ----------------------------
INSERT INTO `du_an_cap_1` VALUES ('1', 'Dân dụng', null, null, '0');
INSERT INTO `du_an_cap_1` VALUES ('2', 'Hạ tầng', null, null, '0');
INSERT INTO `du_an_cap_1` VALUES ('3', 'Cầu đường', null, null, '0');
INSERT INTO `du_an_cap_1` VALUES ('4', 'Hoàn thiện nội ngoại thất', null, null, '0');
INSERT INTO `du_an_cap_1` VALUES ('5', 'Kiến trúc', null, null, '0');
INSERT INTO `du_an_cap_1` VALUES ('6', 'Điện nước', null, null, '0');
INSERT INTO `du_an_cap_1` VALUES ('7', 'Sửa chữa', null, null, '0');
INSERT INTO `du_an_cap_1` VALUES ('8', 'Cây xanh', null, null, '0');
INSERT INTO `du_an_cap_1` VALUES ('9', 'Dịch vụ vệ sinh', null, null, '0');

-- ----------------------------
-- Table structure for du_an_cap_2
-- ----------------------------
DROP TABLE IF EXISTS `du_an_cap_2`;
CREATE TABLE `du_an_cap_2` (
  `id` int(11) NOT NULL AUTO_INCREMENT,
  `name` varchar(255) DEFAULT NULL,
  `du_an_cap_1_id` int(11) DEFAULT NULL,
  `photo` varchar(255) DEFAULT NULL,
  `name_show` varchar(255) DEFAULT NULL COMMENT 'field này dùng để hiển thị text tại front end.',
  `is_show_at_home_page` tinyint(1) DEFAULT '0' COMMENT 'field này để quyết định mục này có hiển thị tại trang chủ hay không',
  PRIMARY KEY (`id`)
) ENGINE=InnoDB DEFAULT CHARSET=utf8;

-- ----------------------------
-- Records of du_an_cap_2
-- ----------------------------

-- ----------------------------
-- Table structure for du_an_cap_3
-- ----------------------------
DROP TABLE IF EXISTS `du_an_cap_3`;
CREATE TABLE `du_an_cap_3` (
  `id` int(11) NOT NULL AUTO_INCREMENT,
  `name` varchar(255) DEFAULT NULL,
  `du_an_cap_2_id` int(11) DEFAULT NULL,
  `photo` varchar(255) DEFAULT NULL,
  `name_show` varchar(255) DEFAULT NULL COMMENT 'field này dùng để hiển thị text tại front end.',
  `is_show_at_home_page` tinyint(1) DEFAULT '0' COMMENT 'field này để quyết định mục này có hiển thị tại trang chủ hay không',
  PRIMARY KEY (`id`)
) ENGINE=InnoDB DEFAULT CHARSET=utf8;

-- ----------------------------
-- Records of du_an_cap_3
-- ----------------------------

-- ----------------------------
-- Table structure for du_an_cap_4
-- ----------------------------
DROP TABLE IF EXISTS `du_an_cap_4`;
CREATE TABLE `du_an_cap_4` (
  `id` int(11) NOT NULL AUTO_INCREMENT,
  `name` varchar(255) DEFAULT NULL,
  `du_an_cap_3_id` int(11) DEFAULT NULL,
  `photo` varchar(255) DEFAULT NULL,
  `name_show` varchar(255) DEFAULT NULL COMMENT 'field này dùng để hiển thị text tại front end.',
  `is_show_at_home_page` tinyint(1) DEFAULT '0' COMMENT 'field này để quyết định mục này có hiển thị tại trang chủ hay không',
  PRIMARY KEY (`id`)
) ENGINE=InnoDB DEFAULT CHARSET=utf8;

-- ----------------------------
-- Records of du_an_cap_4
-- ----------------------------

-- ----------------------------
-- Table structure for du_an_da_chon
-- ----------------------------
DROP TABLE IF EXISTS `du_an_da_chon`;
CREATE TABLE `du_an_da_chon` (
  `tin_du_an_id` int(11) NOT NULL,
  `user_id` int(11) NOT NULL,
  `created_at` timestamp NOT NULL DEFAULT CURRENT_TIMESTAMP ON UPDATE CURRENT_TIMESTAMP,
  PRIMARY KEY (`tin_du_an_id`,`user_id`)
) ENGINE=InnoDB DEFAULT CHARSET=utf8;

-- ----------------------------
-- Records of du_an_da_chon
-- ----------------------------
INSERT INTO `du_an_da_chon` VALUES ('1', '4', '2018-07-12 22:16:56');

-- ----------------------------
-- Table structure for khach_hang
-- ----------------------------
DROP TABLE IF EXISTS `khach_hang`;
CREATE TABLE `khach_hang` (
  `id` int(11) NOT NULL AUTO_INCREMENT,
  `phone` varchar(255) DEFAULT NULL,
  `password` varchar(500) DEFAULT NULL,
  `full_name` varchar(255) DEFAULT NULL,
  `other_infomation` text,
  PRIMARY KEY (`id`)
) ENGINE=InnoDB DEFAULT CHARSET=utf8;

-- ----------------------------
-- Records of khach_hang
-- ----------------------------

-- ----------------------------
-- Table structure for nha_thau_thi_cong_cap_1
-- ----------------------------
DROP TABLE IF EXISTS `nha_thau_thi_cong_cap_1`;
CREATE TABLE `nha_thau_thi_cong_cap_1` (
  `id` int(11) NOT NULL AUTO_INCREMENT,
  `name` varchar(255) DEFAULT NULL,
  `photo` varchar(255) DEFAULT NULL,
  `name_show` varchar(255) DEFAULT NULL COMMENT 'field này dùng để hiển thị text tại front end.',
  `is_show_at_home_page` tinyint(1) DEFAULT '0' COMMENT 'field này để quyết định mục này có hiển thị tại trang chủ hay không',
  PRIMARY KEY (`id`)
) ENGINE=InnoDB AUTO_INCREMENT=2 DEFAULT CHARSET=utf8;

-- ----------------------------
-- Records of nha_thau_thi_cong_cap_1
-- ----------------------------
INSERT INTO `nha_thau_thi_cong_cap_1` VALUES ('1', 'sádasd', null, null, '0');

-- ----------------------------
-- Table structure for nha_thau_thi_cong_cap_2
-- ----------------------------
DROP TABLE IF EXISTS `nha_thau_thi_cong_cap_2`;
CREATE TABLE `nha_thau_thi_cong_cap_2` (
  `id` int(11) NOT NULL AUTO_INCREMENT,
  `name` varchar(255) DEFAULT NULL,
  `nha_thau_thi_cong_cap_1_id` int(11) DEFAULT NULL,
  `photo` varchar(255) DEFAULT NULL,
  `name_show` varchar(255) DEFAULT NULL COMMENT 'field này dùng để hiển thị text tại front end.',
  `is_show_at_home_page` tinyint(1) DEFAULT '0' COMMENT 'field này để quyết định mục này có hiển thị tại trang chủ hay không',
  PRIMARY KEY (`id`)
) ENGINE=InnoDB DEFAULT CHARSET=utf8;

-- ----------------------------
-- Records of nha_thau_thi_cong_cap_2
-- ----------------------------

-- ----------------------------
-- Table structure for nha_thau_thi_cong_cap_3
-- ----------------------------
DROP TABLE IF EXISTS `nha_thau_thi_cong_cap_3`;
CREATE TABLE `nha_thau_thi_cong_cap_3` (
  `id` int(11) NOT NULL AUTO_INCREMENT,
  `name` varchar(255) DEFAULT NULL,
  `nha_thau_thi_cong_cap_2_id` int(11) DEFAULT NULL,
  `photo` varchar(255) DEFAULT NULL,
  `name_show` varchar(255) DEFAULT NULL COMMENT 'field này dùng để hiển thị text tại front end.',
  `is_show_at_home_page` tinyint(1) DEFAULT '0' COMMENT 'field này để quyết định mục này có hiển thị tại trang chủ hay không',
  PRIMARY KEY (`id`)
) ENGINE=InnoDB DEFAULT CHARSET=utf8;

-- ----------------------------
-- Records of nha_thau_thi_cong_cap_3
-- ----------------------------

-- ----------------------------
-- Table structure for nha_thau_thi_cong_cap_4
-- ----------------------------
DROP TABLE IF EXISTS `nha_thau_thi_cong_cap_4`;
CREATE TABLE `nha_thau_thi_cong_cap_4` (
  `id` int(11) NOT NULL AUTO_INCREMENT,
  `name` varchar(255) DEFAULT NULL,
  `nha_thau_thi_cong_cap_3_id` int(11) DEFAULT NULL,
  `photo` varchar(255) DEFAULT NULL,
  `name_show` varchar(255) DEFAULT NULL COMMENT 'field này dùng để hiển thị text tại front end.',
  `is_show_at_home_page` tinyint(1) DEFAULT '0' COMMENT 'field này để quyết định mục này có hiển thị tại trang chủ hay không',
  PRIMARY KEY (`id`)
) ENGINE=InnoDB DEFAULT CHARSET=utf8;

-- ----------------------------
-- Records of nha_thau_thi_cong_cap_4
-- ----------------------------

-- ----------------------------
-- Table structure for tinduan_duancap3
-- ----------------------------
DROP TABLE IF EXISTS `tinduan_duancap3`;
CREATE TABLE `tinduan_duancap3` (
  `tin_du_an_id` int(11) NOT NULL,
  `du_an_cap_3` int(11) NOT NULL,
  PRIMARY KEY (`tin_du_an_id`,`du_an_cap_3`)
) ENGINE=InnoDB DEFAULT CHARSET=utf8;

-- ----------------------------
-- Records of tinduan_duancap3
-- ----------------------------

-- ----------------------------
-- Table structure for tinduan_duancap4
-- ----------------------------
DROP TABLE IF EXISTS `tinduan_duancap4`;
CREATE TABLE `tinduan_duancap4` (
  `tin_du_an_id` int(11) NOT NULL,
  `du_an_cap_4` int(11) NOT NULL,
  PRIMARY KEY (`tin_du_an_id`,`du_an_cap_4`)
) ENGINE=InnoDB DEFAULT CHARSET=utf8;

-- ----------------------------
-- Records of tinduan_duancap4
-- ----------------------------

-- ----------------------------
-- Table structure for tinduan_photo
-- ----------------------------
DROP TABLE IF EXISTS `tinduan_photo`;
CREATE TABLE `tinduan_photo` (
  `id` bigint(21) NOT NULL AUTO_INCREMENT,
  `tin_du_an_id` int(11) DEFAULT NULL,
  `photo` varchar(255) DEFAULT NULL,
  PRIMARY KEY (`id`)
) ENGINE=InnoDB AUTO_INCREMENT=3 DEFAULT CHARSET=utf8;

-- ----------------------------
-- Records of tinduan_photo
-- ----------------------------
INSERT INTO `tinduan_photo` VALUES ('1', '1', '7a92d37176509d6bfc9e408df70a03ac.jpg');
INSERT INTO `tinduan_photo` VALUES ('2', '1', 'bf1a8e17e6d1e53f67726f04ff966e2c.jpg');

-- ----------------------------
-- Table structure for tinnhathauthicong_nhathauthicongcap3
-- ----------------------------
DROP TABLE IF EXISTS `tinnhathauthicong_nhathauthicongcap3`;
CREATE TABLE `tinnhathauthicong_nhathauthicongcap3` (
  `tin_nha_thau_thi_cong_id` int(11) NOT NULL,
  `nha_thau_thi_cong_cap_3` int(11) NOT NULL,
  PRIMARY KEY (`tin_nha_thau_thi_cong_id`,`nha_thau_thi_cong_cap_3`)
) ENGINE=InnoDB DEFAULT CHARSET=utf8;

-- ----------------------------
-- Records of tinnhathauthicong_nhathauthicongcap3
-- ----------------------------

-- ----------------------------
-- Table structure for tinnhathauthicong_nhathauthicongcap4
-- ----------------------------
DROP TABLE IF EXISTS `tinnhathauthicong_nhathauthicongcap4`;
CREATE TABLE `tinnhathauthicong_nhathauthicongcap4` (
  `tin_nha_thau_thi_cong_id` int(11) NOT NULL,
  `nha_thau_thi_cong_cap_4` int(11) NOT NULL,
  PRIMARY KEY (`tin_nha_thau_thi_cong_id`,`nha_thau_thi_cong_cap_4`)
) ENGINE=InnoDB DEFAULT CHARSET=utf8;

-- ----------------------------
-- Records of tinnhathauthicong_nhathauthicongcap4
-- ----------------------------

-- ----------------------------
-- Table structure for tinnhathauthicong_photo
-- ----------------------------
DROP TABLE IF EXISTS `tinnhathauthicong_photo`;
CREATE TABLE `tinnhathauthicong_photo` (
  `id` bigint(21) NOT NULL AUTO_INCREMENT,
  `tin_nha_thau_thi_cong_id` int(11) DEFAULT NULL,
  `photo` varchar(255) DEFAULT NULL,
  PRIMARY KEY (`id`)
) ENGINE=InnoDB AUTO_INCREMENT=6 DEFAULT CHARSET=utf8;

-- ----------------------------
-- Records of tinnhathauthicong_photo
-- ----------------------------
INSERT INTO `tinnhathauthicong_photo` VALUES ('1', '1', 'a29695a886783ab6604310c22a12afed.jpg');
INSERT INTO `tinnhathauthicong_photo` VALUES ('2', '3', 'fac6e818f4576016dbf636a70cc843be.jpg');
INSERT INTO `tinnhathauthicong_photo` VALUES ('3', '4', 'fb790c496c104154223b02ec1df130a6.jpg');
INSERT INTO `tinnhathauthicong_photo` VALUES ('4', '5', '70a11b214f908781ae59c3908970d4ee.jpg');
INSERT INTO `tinnhathauthicong_photo` VALUES ('5', '6', '0839ec13bfd07f5ac9c569a4b425e464.jpg');

-- ----------------------------
-- Table structure for tin_du_an
-- ----------------------------
DROP TABLE IF EXISTS `tin_du_an`;
CREATE TABLE `tin_du_an` (
  `id` bigint(21) NOT NULL AUTO_INCREMENT,
  `title` varchar(255) DEFAULT NULL,
  `content` tinytext,
  `type` tinyint(1) DEFAULT NULL COMMENT '1: cung; 2: cầu',
  `created_at` timestamp NOT NULL DEFAULT CURRENT_TIMESTAMP,
  `updated_at` timestamp NOT NULL DEFAULT CURRENT_TIMESTAMP ON UPDATE CURRENT_TIMESTAMP,
  `user_id` int(11) DEFAULT NULL COMMENT 'nhan_vien_id hoặc khach_hang_id hoặc doi_tac_id',
  `target_type` tinyint(1) DEFAULT NULL COMMENT '3: khách hàng; 2: nhân viên; 4: đối tác',
  `ngay` timestamp NULL DEFAULT NULL,
  `city_cap_1` int(11) DEFAULT NULL,
  `city_cap_2` int(11) DEFAULT NULL,
  `city_cap_3` int(11) DEFAULT NULL,
  `du_an_cap_1` int(11) DEFAULT NULL,
  `du_an_cap_2` int(11) DEFAULT NULL,
  `tong_dau_tu` varchar(255) DEFAULT NULL,
  `status` tinyint(1) DEFAULT NULL COMMENT '1: chưa giao dịch; 2: đang giao dịch; 3: hoàn thành giao dịch',
  `is_delete` tinyint(1) DEFAULT NULL,
  `is_quang_cao` tinyint(1) DEFAULT NULL,
  `allow_show_quang_cao` tinyint(1) DEFAULT NULL,
  `is_active` tinyint(1) DEFAULT NULL,
  `is_hot` tinyint(1) DEFAULT NULL,
  PRIMARY KEY (`id`)
) ENGINE=InnoDB AUTO_INCREMENT=3 DEFAULT CHARSET=utf8;

-- ----------------------------
-- Records of tin_du_an
-- ----------------------------
INSERT INTO `tin_du_an` VALUES ('1', 'ok man', 'a\r\nádas\r\nád\r\ná\r\ndá\r\nd\r\ná', null, '2018-07-12 21:56:52', '2018-07-12 21:57:16', '1', '2', '2018-07-12 00:00:00', '2', null, null, '1', '0', '1000', null, null, null, null, '1', null);
INSERT INTO `tin_du_an` VALUES ('2', null, null, null, '2018-07-12 23:18:32', '2018-07-12 23:18:32', '4', '4', '0000-00-00 00:00:00', null, null, null, '1', '0', null, null, null, null, null, null, null);

-- ----------------------------
-- Table structure for tin_nha_thau_thi_cong
-- ----------------------------
DROP TABLE IF EXISTS `tin_nha_thau_thi_cong`;
CREATE TABLE `tin_nha_thau_thi_cong` (
  `id` bigint(21) NOT NULL AUTO_INCREMENT,
  `title` varchar(255) DEFAULT NULL,
  `content` tinytext,
  `type` tinyint(1) DEFAULT NULL COMMENT '1: cung; 2: cầu',
  `created_at` timestamp NOT NULL DEFAULT CURRENT_TIMESTAMP,
  `updated_at` timestamp NOT NULL DEFAULT CURRENT_TIMESTAMP ON UPDATE CURRENT_TIMESTAMP,
  `user_id` int(11) DEFAULT NULL COMMENT 'nhan_vien_id hoặc khach_hang_id hoặc doi_tac_id',
  `target_type` tinyint(1) DEFAULT NULL COMMENT '3: khách hàng; 2: nhân viên; 4: đối tác',
  `ngay` timestamp NULL DEFAULT NULL,
  `city_cap_1` int(11) DEFAULT NULL,
  `city_cap_2` int(11) DEFAULT NULL,
  `city_cap_3` int(11) DEFAULT NULL,
  `nha_thau_thi_cong_cap_1` int(11) DEFAULT NULL,
  `nha_thau_thi_cong_cap_2` int(11) DEFAULT NULL,
  `phan_loai` int(11) DEFAULT NULL COMMENT '1:nhân viên; 2: đối tác',
  `dich_vu_thi_cong` varchar(1000) DEFAULT NULL,
  `status` tinyint(1) DEFAULT NULL COMMENT '1: chưa giao dịch; 2: đang giao dịch; 3: hoàn thành giao dịch',
  `is_delete` tinyint(1) DEFAULT NULL,
  `is_quang_cao` tinyint(1) DEFAULT NULL,
  `allow_show_quang_cao` tinyint(1) DEFAULT NULL,
  `is_active` tinyint(1) DEFAULT NULL,
  `is_hot` tinyint(1) DEFAULT NULL,
  PRIMARY KEY (`id`)
) ENGINE=InnoDB AUTO_INCREMENT=7 DEFAULT CHARSET=utf8;

-- ----------------------------
-- Records of tin_nha_thau_thi_cong
-- ----------------------------
INSERT INTO `tin_nha_thau_thi_cong` VALUES ('1', 'sdffsfsdf', 'sdfsdfdfs', null, '2018-07-12 22:59:22', '2018-07-12 23:06:58', '4', '4', '0000-00-00 00:00:00', '1', '2', null, '1', null, '1', 'sdfsdfsdfsd', null, null, null, null, null, null);
INSERT INTO `tin_nha_thau_thi_cong` VALUES ('2', 'ádasda', 'ádasd', null, '2018-07-12 23:02:46', '2018-07-12 23:02:46', '3', '2', '2018-07-31 00:00:00', '2', null, null, null, null, '1', 'adasd', null, null, null, null, null, null);
INSERT INTO `tin_nha_thau_thi_cong` VALUES ('3', 'sadasdasd', 'ádda', null, '2018-07-12 23:03:48', '2018-07-12 23:03:48', '4', '4', '2018-07-12 00:00:00', '2', null, null, null, null, '1', 'ádadas', null, null, null, null, null, null);
INSERT INTO `tin_nha_thau_thi_cong` VALUES ('4', 'test nhà thầu thi công', 'ádasda', null, '2018-07-12 23:09:01', '2018-07-12 23:09:01', '4', '4', '2018-07-12 00:00:00', '2', null, null, null, null, '1', 'sdfsdfsdfsd', null, null, null, null, null, null);
INSERT INTO `tin_nha_thau_thi_cong` VALUES ('5', 'asdadasda', 'sadasda', null, '2018-07-12 23:13:53', '2018-07-12 23:13:53', '4', '4', '2018-07-12 00:00:00', '2', null, null, '1', '0', '1', 'sdfsdfsdfsd', null, null, null, null, null, null);
INSERT INTO `tin_nha_thau_thi_cong` VALUES ('6', 'k lỗi nữa hì', 'sâdasda', null, '2018-07-12 23:14:38', '2018-07-12 23:14:38', '4', '4', '2018-07-12 00:00:00', '1', null, null, '1', '0', '1', 'sdfsdfsdfsd', null, null, null, null, null, null);

-- ----------------------------
-- Table structure for user
-- ----------------------------
DROP TABLE IF EXISTS `user`;
CREATE TABLE `user` (
  `id` int(11) NOT NULL AUTO_INCREMENT,
  `danh_xung` varchar(50) CHARACTER SET utf8 DEFAULT NULL COMMENT 'Danh xưng (anh/chị)',
  `full_name` varchar(100) CHARACTER SET utf8 DEFAULT NULL COMMENT 'Tên đầy đủ (Minh Kỳ)',
  `email` varchar(255) COLLATE utf8_unicode_ci DEFAULT NULL,
  `phone` varchar(100) COLLATE utf8_unicode_ci NOT NULL,
  `password` varchar(128) COLLATE utf8_unicode_ci NOT NULL,
  `type` tinyint(1) NOT NULL COMMENT '1: admin; 2: nhân viên; 3: khách hàng; 4: đối tác; ',
  `active` tinyint(1) NOT NULL DEFAULT '1',
  PRIMARY KEY (`id`)
) ENGINE=InnoDB AUTO_INCREMENT=5 DEFAULT CHARSET=utf8 COLLATE=utf8_unicode_ci;

-- ----------------------------
-- Records of user
-- ----------------------------
INSERT INTO `user` VALUES ('1', 'anh ', 'Dũng', '', '0971553559', '7c4a8d09ca3762af61e59520943dc26494f8941b', '1', '1');
INSERT INTO `user` VALUES ('3', null, 'Tâm', null, '0935348952', '0d5a2ea77c655974436fbcad3f380a6ef4e59831', '2', '1');
INSERT INTO `user` VALUES ('4', null, null, null, '01269259744', '7c4a8d09ca3762af61e59520943dc26494f8941b', '4', '1');

-- ----------------------------
-- Table structure for user_duan
-- ----------------------------
DROP TABLE IF EXISTS `user_duan`;
CREATE TABLE `user_duan` (
  `du_an_cap_1_id` int(11) NOT NULL,
  `user_id` int(11) NOT NULL,
  PRIMARY KEY (`du_an_cap_1_id`,`user_id`)
) ENGINE=InnoDB DEFAULT CHARSET=utf8;

-- ----------------------------
-- Records of user_duan
-- ----------------------------
INSERT INTO `user_duan` VALUES ('1', '3');
INSERT INTO `user_duan` VALUES ('2', '3');
INSERT INTO `user_duan` VALUES ('3', '3');

-- ----------------------------
-- Table structure for user_nhathauthicong
-- ----------------------------
DROP TABLE IF EXISTS `user_nhathauthicong`;
CREATE TABLE `user_nhathauthicong` (
  `nha_thau_thi_cong_cap_1_id` int(11) NOT NULL,
  `user_id` int(11) NOT NULL,
  PRIMARY KEY (`nha_thau_thi_cong_cap_1_id`,`user_id`)
) ENGINE=InnoDB DEFAULT CHARSET=utf8;

-- ----------------------------
-- Records of user_nhathauthicong
-- ----------------------------
INSERT INTO `user_nhathauthicong` VALUES ('1', '3');

-- ----------------------------
-- View structure for view_tin
-- ----------------------------
DROP VIEW IF EXISTS `view_tin`;
CREATE ALGORITHM=UNDEFINED DEFINER=`root`@`localhost` SQL SECURITY DEFINER  VIEW `view_tin` AS select title,DATE_FORMAT(ngay,'%d/%m/%Y') AS ngay,
tong_dau_tu,
photo,is_quang_cao,allow_show_quang_cao,
phone,user.type,tin_du_an.user_id,
'' as phan_loai,
tin_du_an.id,
tin_du_an.du_an_cap_1 as cap_1,
tin_du_an.du_an_cap_2 as cap_2,
target_type,city_cap_1,city_cap_2,is_active,'du_an' as type_tin,tin_du_an.status,tin_du_an.is_hot from tin_du_an join user on user.id=tin_du_an.user_id left join tinduan_photo on tinduan_photo.tin_du_an_id=tin_du_an.id group by tin_du_an.id 
UNION 
select title,DATE_FORMAT(ngay,'%d/%m/%Y') AS ngay,
'' as tong_dau_tu,
photo,is_quang_cao,allow_show_quang_cao,
phone,user.type,tin_nha_thau_thi_cong.user_id,
phan_loai,
tin_nha_thau_thi_cong.id,
tin_nha_thau_thi_cong.nha_thau_thi_cong_cap_1 as cap_1,
tin_nha_thau_thi_cong.nha_thau_thi_cong_cap_2 as cap_2,
target_type,'' as city_cap_1,'' as city_cap_2,is_active,'nha_thau_thi_cong' as type_tin,tin_nha_thau_thi_cong.status,tin_nha_thau_thi_cong.is_hot from tin_nha_thau_thi_cong join user on user.id=tin_nha_thau_thi_cong.user_id left join tinnhathauthicong_photo on tinnhathauthicong_photo.tin_nha_thau_thi_cong_id=tin_nha_thau_thi_cong.id group by tin_nha_thau_thi_cong.id ;

-- ----------------------------
-- View structure for view_tin_du_an
-- ----------------------------
DROP VIEW IF EXISTS `view_tin_du_an`;
CREATE ALGORITHM=UNDEFINED DEFINER=`root`@`localhost` SQL SECURITY DEFINER  VIEW `view_tin_du_an` AS select title,DATE_FORMAT(ngay,'%d/%m/%Y') AS ngay,tong_dau_tu,photo,is_quang_cao,allow_show_quang_cao,phone,user.type,tin_du_an.id,tin_du_an.du_an_cap_1,tin_du_an.du_an_cap_2,target_type,city_cap_1,city_cap_2,is_active,tin_du_an.status,tin_du_an.is_hot from tin_du_an join user on user.id=tin_du_an.user_id left join tinduan_photo on tinduan_photo.tin_du_an_id=tin_du_an.id group by tin_du_an.id ;

-- ----------------------------
-- View structure for view_tin_nha_thau_thi_cong
-- ----------------------------
DROP VIEW IF EXISTS `view_tin_nha_thau_thi_cong`;
CREATE ALGORITHM=UNDEFINED DEFINER=`root`@`localhost` SQL SECURITY DEFINER  VIEW `view_tin_nha_thau_thi_cong` AS select title,DATE_FORMAT(ngay,'%d/%m/%Y') AS ngay,photo,is_quang_cao,allow_show_quang_cao,phone,user.type,phan_loai,tin_nha_thau_thi_cong.id,tin_nha_thau_thi_cong.nha_thau_thi_cong_cap_1,tin_nha_thau_thi_cong.nha_thau_thi_cong_cap_2,target_type,is_active,tin_nha_thau_thi_cong.is_hot from tin_nha_thau_thi_cong join user on user.id=tin_nha_thau_thi_cong.user_id left join tinnhathauthicong_photo on tinnhathauthicong_photo.tin_nha_thau_thi_cong_id=tin_nha_thau_thi_cong.id group by tin_nha_thau_thi_cong.id ;
