/*
Navicat MySQL Data Transfer

Source Server         : localhost_3306
Source Server Version : 50621
Source Host           : localhost:3306
Source Database       : giao_dich

Target Server Type    : MYSQL
Target Server Version : 50621
File Encoding         : 65001

Date: 2018-07-01 00:37:18
*/

SET FOREIGN_KEY_CHECKS=0;

-- ----------------------------
-- Table structure for city_cap_1
-- ----------------------------
DROP TABLE IF EXISTS `city_cap_1`;
CREATE TABLE `city_cap_1` (
  `id` int(11) NOT NULL AUTO_INCREMENT,
  `name` varchar(255) DEFAULT NULL,
  PRIMARY KEY (`id`)
) ENGINE=InnoDB AUTO_INCREMENT=3 DEFAULT CHARSET=utf8;

-- ----------------------------
-- Records of city_cap_1
-- ----------------------------
INSERT INTO `city_cap_1` VALUES ('1', 'Đà Nẵng');
INSERT INTO `city_cap_1` VALUES ('2', 'Quảng Nam');

-- ----------------------------
-- Table structure for city_cap_2
-- ----------------------------
DROP TABLE IF EXISTS `city_cap_2`;
CREATE TABLE `city_cap_2` (
  `id` int(11) NOT NULL AUTO_INCREMENT,
  `name` varchar(255) DEFAULT NULL,
  `city_cap_1_id` int(11) DEFAULT NULL,
  PRIMARY KEY (`id`)
) ENGINE=InnoDB AUTO_INCREMENT=3 DEFAULT CHARSET=utf8;

-- ----------------------------
-- Records of city_cap_2
-- ----------------------------
INSERT INTO `city_cap_2` VALUES ('1', 'Ngũ Hành Sơn', '1');
INSERT INTO `city_cap_2` VALUES ('2', 'Thanh Khê', '1');

-- ----------------------------
-- Table structure for city_cap_3
-- ----------------------------
DROP TABLE IF EXISTS `city_cap_3`;
CREATE TABLE `city_cap_3` (
  `id` int(11) NOT NULL AUTO_INCREMENT,
  `name` varchar(255) DEFAULT NULL,
  `city_cap_2_id` int(11) DEFAULT NULL,
  PRIMARY KEY (`id`)
) ENGINE=InnoDB DEFAULT CHARSET=utf8;

-- ----------------------------
-- Records of city_cap_3
-- ----------------------------

-- ----------------------------
-- Table structure for du_an_cap_1
-- ----------------------------
DROP TABLE IF EXISTS `du_an_cap_1`;
CREATE TABLE `du_an_cap_1` (
  `id` int(11) NOT NULL AUTO_INCREMENT,
  `name` varchar(255) DEFAULT NULL,
  `photo` varchar(255) DEFAULT NULL,
  `name_show` varchar(255) DEFAULT NULL COMMENT 'field này dùng để hiển thị text tại front end.',
  `is_show_at_home_page` tinyint(1) DEFAULT '0' COMMENT 'field này để quyết định mục này có hiển thị tại trang chủ hay không',
  PRIMARY KEY (`id`)
) ENGINE=InnoDB AUTO_INCREMENT=3 DEFAULT CHARSET=utf8;

-- ----------------------------
-- Records of du_an_cap_1
-- ----------------------------
INSERT INTO `du_an_cap_1` VALUES ('1', 'Dân dụng', null, null, null);
INSERT INTO `du_an_cap_1` VALUES ('2', 'Cao tầng', null, null, null);

-- ----------------------------
-- Table structure for du_an_cap_2
-- ----------------------------
DROP TABLE IF EXISTS `du_an_cap_2`;
CREATE TABLE `du_an_cap_2` (
  `id` int(11) NOT NULL AUTO_INCREMENT,
  `name` varchar(255) DEFAULT NULL,
  `du_an_cap_1_id` int(11) DEFAULT NULL,
  `photo` varchar(255) DEFAULT NULL,
  `name_show` varchar(255) DEFAULT NULL COMMENT 'field này dùng để hiển thị text tại front end.',
  `is_show_at_home_page` tinyint(1) DEFAULT '0' COMMENT 'field này để quyết định mục này có hiển thị tại trang chủ hay không',
  PRIMARY KEY (`id`)
) ENGINE=InnoDB AUTO_INCREMENT=3 DEFAULT CHARSET=utf8;

-- ----------------------------
-- Records of du_an_cap_2
-- ----------------------------
INSERT INTO `du_an_cap_2` VALUES ('1', 'Nhà dân', '1', null, null, null);
INSERT INTO `du_an_cap_2` VALUES ('2', 'Nhà cao tầng', '1', null, null, null);

-- ----------------------------
-- Table structure for du_an_cap_3
-- ----------------------------
DROP TABLE IF EXISTS `du_an_cap_3`;
CREATE TABLE `du_an_cap_3` (
  `id` int(11) NOT NULL AUTO_INCREMENT,
  `name` varchar(255) DEFAULT NULL,
  `du_an_cap_2_id` int(11) DEFAULT NULL,
  `photo` varchar(255) DEFAULT NULL,
  `name_show` varchar(255) DEFAULT NULL COMMENT 'field này dùng để hiển thị text tại front end.',
  `is_show_at_home_page` tinyint(1) DEFAULT '0' COMMENT 'field này để quyết định mục này có hiển thị tại trang chủ hay không',
  PRIMARY KEY (`id`)
) ENGINE=InnoDB AUTO_INCREMENT=3 DEFAULT CHARSET=utf8;

-- ----------------------------
-- Records of du_an_cap_3
-- ----------------------------
INSERT INTO `du_an_cap_3` VALUES ('1', 'Phần thô', '1', null, null, null);
INSERT INTO `du_an_cap_3` VALUES ('2', 'Phần hoàn thiện', '1', null, null, null);

-- ----------------------------
-- Table structure for du_an_cap_4
-- ----------------------------
DROP TABLE IF EXISTS `du_an_cap_4`;
CREATE TABLE `du_an_cap_4` (
  `id` int(11) NOT NULL AUTO_INCREMENT,
  `name` varchar(255) DEFAULT NULL,
  `du_an_cap_3_id` int(11) DEFAULT NULL,
  `photo` varchar(255) DEFAULT NULL,
  `name_show` varchar(255) DEFAULT NULL COMMENT 'field này dùng để hiển thị text tại front end.',
  `is_show_at_home_page` tinyint(1) DEFAULT '0' COMMENT 'field này để quyết định mục này có hiển thị tại trang chủ hay không',
  PRIMARY KEY (`id`)
) ENGINE=InnoDB AUTO_INCREMENT=4 DEFAULT CHARSET=utf8;

-- ----------------------------
-- Records of du_an_cap_4
-- ----------------------------
INSERT INTO `du_an_cap_4` VALUES ('1', 'Sơn', '1', null, null, null);
INSERT INTO `du_an_cap_4` VALUES ('2', 'Cốt pha', '1', null, null, null);
INSERT INTO `du_an_cap_4` VALUES ('3', 'Thép', '1', null, null, null);

-- ----------------------------
-- Table structure for khach_hang
-- ----------------------------
DROP TABLE IF EXISTS `khach_hang`;
CREATE TABLE `khach_hang` (
  `id` int(11) NOT NULL AUTO_INCREMENT,
  `phone` varchar(255) DEFAULT NULL,
  `password` varchar(500) DEFAULT NULL,
  `full_name` varchar(255) DEFAULT NULL,
  `other_infomation` text,
  PRIMARY KEY (`id`)
) ENGINE=InnoDB DEFAULT CHARSET=utf8;

-- ----------------------------
-- Records of khach_hang
-- ----------------------------

-- ----------------------------
-- Table structure for nha_thau_thi_cong_cap_1
-- ----------------------------
DROP TABLE IF EXISTS `nha_thau_thi_cong_cap_1`;
CREATE TABLE `nha_thau_thi_cong_cap_1` (
  `id` int(11) NOT NULL AUTO_INCREMENT,
  `name` varchar(255) DEFAULT NULL,
  `photo` varchar(255) DEFAULT NULL,
  `name_show` varchar(255) DEFAULT NULL COMMENT 'field này dùng để hiển thị text tại front end.',
  `is_show_at_home_page` tinyint(1) DEFAULT '0' COMMENT 'field này để quyết định mục này có hiển thị tại trang chủ hay không',
  PRIMARY KEY (`id`)
) ENGINE=InnoDB AUTO_INCREMENT=4 DEFAULT CHARSET=utf8;

-- ----------------------------
-- Records of nha_thau_thi_cong_cap_1
-- ----------------------------
INSERT INTO `nha_thau_thi_cong_cap_1` VALUES ('3', '1', null, null, '0');

-- ----------------------------
-- Table structure for nha_thau_thi_cong_cap_2
-- ----------------------------
DROP TABLE IF EXISTS `nha_thau_thi_cong_cap_2`;
CREATE TABLE `nha_thau_thi_cong_cap_2` (
  `id` int(11) NOT NULL AUTO_INCREMENT,
  `name` varchar(255) DEFAULT NULL,
  `nha_thau_thi_cong_cap_1_id` int(11) DEFAULT NULL,
  `photo` varchar(255) DEFAULT NULL,
  `name_show` varchar(255) DEFAULT NULL COMMENT 'field này dùng để hiển thị text tại front end.',
  `is_show_at_home_page` tinyint(1) DEFAULT '0' COMMENT 'field này để quyết định mục này có hiển thị tại trang chủ hay không',
  PRIMARY KEY (`id`)
) ENGINE=InnoDB AUTO_INCREMENT=4 DEFAULT CHARSET=utf8;

-- ----------------------------
-- Records of nha_thau_thi_cong_cap_2
-- ----------------------------
INSERT INTO `nha_thau_thi_cong_cap_2` VALUES ('3', '2', '3', null, null, '0');

-- ----------------------------
-- Table structure for nha_thau_thi_cong_cap_3
-- ----------------------------
DROP TABLE IF EXISTS `nha_thau_thi_cong_cap_3`;
CREATE TABLE `nha_thau_thi_cong_cap_3` (
  `id` int(11) NOT NULL AUTO_INCREMENT,
  `name` varchar(255) DEFAULT NULL,
  `nha_thau_thi_cong_cap_2_id` int(11) DEFAULT NULL,
  `photo` varchar(255) DEFAULT NULL,
  `name_show` varchar(255) DEFAULT NULL COMMENT 'field này dùng để hiển thị text tại front end.',
  `is_show_at_home_page` tinyint(1) DEFAULT '0' COMMENT 'field này để quyết định mục này có hiển thị tại trang chủ hay không',
  PRIMARY KEY (`id`)
) ENGINE=InnoDB AUTO_INCREMENT=4 DEFAULT CHARSET=utf8;

-- ----------------------------
-- Records of nha_thau_thi_cong_cap_3
-- ----------------------------
INSERT INTO `nha_thau_thi_cong_cap_3` VALUES ('3', '3', '3', null, null, '0');

-- ----------------------------
-- Table structure for nha_thau_thi_cong_cap_4
-- ----------------------------
DROP TABLE IF EXISTS `nha_thau_thi_cong_cap_4`;
CREATE TABLE `nha_thau_thi_cong_cap_4` (
  `id` int(11) NOT NULL AUTO_INCREMENT,
  `name` varchar(255) DEFAULT NULL,
  `nha_thau_thi_cong_cap_3_id` int(11) DEFAULT NULL,
  `photo` varchar(255) DEFAULT NULL,
  `name_show` varchar(255) DEFAULT NULL COMMENT 'field này dùng để hiển thị text tại front end.',
  `is_show_at_home_page` tinyint(1) DEFAULT '0' COMMENT 'field này để quyết định mục này có hiển thị tại trang chủ hay không',
  PRIMARY KEY (`id`)
) ENGINE=InnoDB AUTO_INCREMENT=7 DEFAULT CHARSET=utf8;

-- ----------------------------
-- Records of nha_thau_thi_cong_cap_4
-- ----------------------------
INSERT INTO `nha_thau_thi_cong_cap_4` VALUES ('4', '4', '3', null, null, '0');
INSERT INTO `nha_thau_thi_cong_cap_4` VALUES ('5', '44', '3', null, null, '0');
INSERT INTO `nha_thau_thi_cong_cap_4` VALUES ('6', '444', '3', null, null, '0');

-- ----------------------------
-- Table structure for tinduan_duancap4
-- ----------------------------
DROP TABLE IF EXISTS `tinduan_duancap4`;
CREATE TABLE `tinduan_duancap4` (
  `tin_du_an_id` int(11) NOT NULL,
  `du_an_cap_4` int(11) NOT NULL,
  PRIMARY KEY (`tin_du_an_id`,`du_an_cap_4`)
) ENGINE=InnoDB DEFAULT CHARSET=utf8;

-- ----------------------------
-- Records of tinduan_duancap4
-- ----------------------------
INSERT INTO `tinduan_duancap4` VALUES ('1', '1');
INSERT INTO `tinduan_duancap4` VALUES ('1', '2');
INSERT INTO `tinduan_duancap4` VALUES ('1', '3');
INSERT INTO `tinduan_duancap4` VALUES ('2', '1');
INSERT INTO `tinduan_duancap4` VALUES ('2', '2');

-- ----------------------------
-- Table structure for tinduan_photo
-- ----------------------------
DROP TABLE IF EXISTS `tinduan_photo`;
CREATE TABLE `tinduan_photo` (
  `id` bigint(21) NOT NULL AUTO_INCREMENT,
  `tin_du_an_id` int(11) DEFAULT NULL,
  `photo` varchar(255) DEFAULT NULL,
  PRIMARY KEY (`id`)
) ENGINE=InnoDB AUTO_INCREMENT=6 DEFAULT CHARSET=utf8;

-- ----------------------------
-- Records of tinduan_photo
-- ----------------------------
INSERT INTO `tinduan_photo` VALUES ('1', '1', 'f757667c9a148b6eadd9f191491232ed.jpg');
INSERT INTO `tinduan_photo` VALUES ('2', '1', '5ffd65458b1c6b258b96a278892d7e76.jpg');
INSERT INTO `tinduan_photo` VALUES ('3', '1', '5ffd65458b1c6b258b96a278892d7e76.jpg');
INSERT INTO `tinduan_photo` VALUES ('4', '1', '5ffd65458b1c6b258b96a278892d7e76.jpg');

-- ----------------------------
-- Table structure for tinnhathauthicong_nhathauthicongcap4
-- ----------------------------
DROP TABLE IF EXISTS `tinnhathauthicong_nhathauthicongcap4`;
CREATE TABLE `tinnhathauthicong_nhathauthicongcap4` (
  `tin_nha_thau_thi_cong_id` int(11) NOT NULL,
  `nha_thau_thi_cong_cap_4` int(11) NOT NULL,
  PRIMARY KEY (`tin_nha_thau_thi_cong_id`,`nha_thau_thi_cong_cap_4`)
) ENGINE=InnoDB DEFAULT CHARSET=utf8;

-- ----------------------------
-- Records of tinnhathauthicong_nhathauthicongcap4
-- ----------------------------

-- ----------------------------
-- Table structure for tinnhathauthicong_photo
-- ----------------------------
DROP TABLE IF EXISTS `tinnhathauthicong_photo`;
CREATE TABLE `tinnhathauthicong_photo` (
  `id` bigint(21) NOT NULL AUTO_INCREMENT,
  `tin_nha_thau_thi_cong_id` int(11) DEFAULT NULL,
  `photo` varchar(255) DEFAULT NULL,
  PRIMARY KEY (`id`)
) ENGINE=InnoDB DEFAULT CHARSET=utf8;

-- ----------------------------
-- Records of tinnhathauthicong_photo
-- ----------------------------

-- ----------------------------
-- Table structure for tin_du_an
-- ----------------------------
DROP TABLE IF EXISTS `tin_du_an`;
CREATE TABLE `tin_du_an` (
  `id` bigint(21) NOT NULL AUTO_INCREMENT,
  `title` varchar(255) DEFAULT NULL,
  `content` tinytext,
  `type` tinyint(1) DEFAULT NULL COMMENT '1: cung; 2: cầu',
  `created_at` timestamp NOT NULL DEFAULT CURRENT_TIMESTAMP,
  `updated_at` timestamp NOT NULL DEFAULT CURRENT_TIMESTAMP ON UPDATE CURRENT_TIMESTAMP,
  `user_id` int(11) DEFAULT NULL COMMENT 'nhan_vien_id hoặc khach_hang_id hoặc doi_tac_id',
  `target_type` tinyint(1) DEFAULT NULL COMMENT '3: khách hàng; 2: nhân viên; 4: đối tác',
  `ngay` timestamp NULL DEFAULT NULL,
  `city_cap_1` int(11) DEFAULT NULL,
  `city_cap_2` int(11) DEFAULT NULL,
  `city_cap_3` int(11) DEFAULT NULL,
  `du_an_cap_1` int(11) DEFAULT NULL,
  `du_an_cap_2` int(11) DEFAULT NULL,
  `du_an_cap_3` int(11) DEFAULT NULL,
  `tong_dau_tu` varchar(255) DEFAULT NULL,
  `status` tinyint(1) DEFAULT NULL COMMENT '1: chưa giao dịch; 2: đang giao dịch; 3: hoàn thành giao dịch',
  `is_delete` tinyint(1) DEFAULT NULL,
  PRIMARY KEY (`id`)
) ENGINE=InnoDB AUTO_INCREMENT=3 DEFAULT CHARSET=utf8;

-- ----------------------------
-- Records of tin_du_an
-- ----------------------------
INSERT INTO `tin_du_an` VALUES ('1', 'ok man', 'sdfsdfsd', null, '2018-06-30 11:07:28', '2018-06-30 23:41:10', '3', '2', '2018-06-30 00:00:00', '1', '1', null, '1', '1', '1', '500 triệu đồng', null, null);
INSERT INTO `tin_du_an` VALUES ('2', 'ok man1', 'sdfasdada', null, '2018-06-30 22:52:31', '2018-06-30 23:41:01', '3', '2', '2018-06-27 00:00:00', '2', null, null, '1', '1', '1', '1 tỉ rưỡi', null, null);

-- ----------------------------
-- Table structure for tin_nha_thau_thi_cong
-- ----------------------------
DROP TABLE IF EXISTS `tin_nha_thau_thi_cong`;
CREATE TABLE `tin_nha_thau_thi_cong` (
  `id` bigint(21) NOT NULL AUTO_INCREMENT,
  `title` varchar(255) DEFAULT NULL,
  `content` tinytext,
  `type` tinyint(1) DEFAULT NULL COMMENT '1: cung; 2: cầu',
  `created_at` timestamp NOT NULL DEFAULT CURRENT_TIMESTAMP,
  `updated_at` timestamp NOT NULL DEFAULT CURRENT_TIMESTAMP ON UPDATE CURRENT_TIMESTAMP,
  `user_id` int(11) DEFAULT NULL COMMENT 'nhan_vien_id hoặc khach_hang_id hoặc doi_tac_id',
  `target_type` tinyint(1) DEFAULT NULL COMMENT '3: khách hàng; 2: nhân viên; 4: đối tác',
  `ngay` timestamp NULL DEFAULT NULL,
  `city_cap_1` int(11) DEFAULT NULL,
  `city_cap_2` int(11) DEFAULT NULL,
  `city_cap_3` int(11) DEFAULT NULL,
  `nha_thau_thi_cong_cap_1` int(11) DEFAULT NULL,
  `nha_thau_thi_cong_cap_2` int(11) DEFAULT NULL,
  `nha_thau_thi_cong_cap_3` int(11) DEFAULT NULL,
  `phan_loai` int(11) DEFAULT NULL COMMENT '1:nhân viên; 2: đối tác',
  `dich_vu_thi_cong` varchar(1000) DEFAULT NULL,
  `status` tinyint(1) DEFAULT NULL COMMENT '1: chưa giao dịch; 2: đang giao dịch; 3: hoàn thành giao dịch',
  `is_delete` tinyint(1) DEFAULT NULL,
  PRIMARY KEY (`id`)
) ENGINE=InnoDB DEFAULT CHARSET=utf8;

-- ----------------------------
-- Records of tin_nha_thau_thi_cong
-- ----------------------------

-- ----------------------------
-- Table structure for user
-- ----------------------------
DROP TABLE IF EXISTS `user`;
CREATE TABLE `user` (
  `id` int(11) NOT NULL AUTO_INCREMENT,
  `danh_xung` varchar(50) CHARACTER SET utf8 DEFAULT NULL COMMENT 'Danh xưng (anh/chị)',
  `full_name` varchar(100) CHARACTER SET utf8 DEFAULT NULL COMMENT 'Tên đầy đủ (Minh Kỳ)',
  `email` varchar(255) COLLATE utf8_unicode_ci DEFAULT NULL,
  `phone` varchar(100) COLLATE utf8_unicode_ci NOT NULL,
  `password` varchar(128) COLLATE utf8_unicode_ci NOT NULL,
  `type` tinyint(1) NOT NULL COMMENT '1: admin; 2: nhân viên; 3: khách hàng; 4: đối tác; ',
  `active` tinyint(1) NOT NULL,
  PRIMARY KEY (`id`)
) ENGINE=InnoDB AUTO_INCREMENT=10 DEFAULT CHARSET=utf8 COLLATE=utf8_unicode_ci;

-- ----------------------------
-- Records of user
-- ----------------------------
INSERT INTO `user` VALUES ('3', 'anh ', 'Dũng', '', '0905022640', '7c4a8d09ca3762af61e59520943dc26494f8941b', '1', '1');
INSERT INTO `user` VALUES ('4', null, null, null, '123456789', '356a192b7913b04c54574d18c28d46e6395428ab', '4', '1');
INSERT INTO `user` VALUES ('5', null, null, null, '111111111', '356a192b7913b04c54574d18c28d46e6395428ab', '3', '1');
INSERT INTO `user` VALUES ('6', null, null, null, '3453453', '356a192b7913b04c54574d18c28d46e6395428ab', '2', '2');
INSERT INTO `user` VALUES ('7', null, null, null, '01269259744', '356a192b7913b04c54574d18c28d46e6395428ab', '4', '1');
INSERT INTO `user` VALUES ('8', null, null, null, '0905022.640', '356a192b7913b04c54574d18c28d46e6395428ab', '4', '1');
INSERT INTO `user` VALUES ('9', null, null, null, '123456', '356a192b7913b04c54574d18c28d46e6395428ab', '4', '1');
